id_reserva;cliente_nombre;dni_pasaporte;telefono;correo;paquete_tour;fecha_viaje;precio_soles;metodo_pago;guia_asignado;fuente_no_estructurada;procesamiento_aplicado;resultado_extraido;estado_procesamiento
RES-101;Guillermo Vargas Mamani;46913810;933218196;guillermo.vargas@gmail.com;Máncora Playas;07/05/2026;S/ 880.00;Plin;Jorge Benítez;Chat WhatsApp (Texto);NLP Sentimiento;Volveríamos sin dudarlo;Positivo (0.95)
RES-102;Carlos Fernández Vega;55667651;942351161;cfernandez@outlook.com;Cusco - Machu Picchu;15/09/2026;S/ 2,055.00;Yape;Ana Torres;Captura de pantalla (.png);OCR Tesseract;Monto: S/ 2055.00 | Op: 84959;Validado
RES-103;José Torres Huamán;98753260;934131647;jtorres@hotmail.com;Paracas y Huacachina;08/07/2026;S/ 390.00;Transferencia;Carlos Mendoza;Captura de pantalla (.jpg);OCR Tesseract;Monto: S/ 390.00 | Op: 83276;Validado
RES-104;Patricia Cabrera Núñez;39476249;950305641;pcabrera@hotmail.com;Iquitos Amazónico;26/08/2026;S/ 1,535.00;Yape;Luis Alvarado;Captura de pantalla (.jpg);OCR Tesseract;Monto: S/ 1535.00 | Op: 88496;Validado
RES-105;Jhoana Sánchez Rivera;39436733;928710122;jhoana_sanchez@gmail.com;Full Day Lunahuaná;28/08/2026;S/ 105.00;Plin;Jorge Benítez;Captura de pantalla (.png);OCR Tesseract;Monto: S/ 105.00 | Op: 18451;Validado
RES-106;Manuel Vega Fernández;70897765;904828148;manuelvega78@hotmail.com;Paracas y Huacachina;16/09/2026;S/ 555.00;Efectivo;Jorge Benítez;Captura de pantalla (.png);OCR Tesseract;Monto: S/ 555.00 | Op: 95701;Validado
RES-107;Milagros Zúñiga Espinoza;17774584;939117182;milagros_zuniga@hotmail.com;Huaraz Laguna 69;17/08/2026;S/ 205.00;Efectivo;Jorge Benítez;Captura de pantalla (.jpg);OCR Tesseract;Monto: S/ 205.00 | Op: 46578;Validado
RES-108;Julio Vargas Espinoza;40158366;915098393;julio.vargas@gmail.com;Máncora Playas;09/05/2026;S/ 680.00;Transferencia;Carlos Mendoza;Captura de pantalla (.jpg);OCR Tesseract;Monto: S/ 680.00 | Op: 47382;Validado
RES-109;Iván Bardales Bardales;73440831;937631165;ivan_bardales@yahoo.com;Cusco - Machu Picchu;26/05/2026;S/ 1,960.00;Yape;María Castillo;Captura de pantalla (.png);OCR Tesseract;Monto: S/ 1960.00 | Op: 33387;Validado
RES-110;Diego Vega Alvarado;47385696;973178108;diego.vega@hotmail.com;Tarapoto Selva;01/09/2026;S/ 1,400.00;Yape;Ana Torres;Captura de pantalla (.png);OCR Tesseract;Monto: S/ 1400.00 | Op: 26064;Validado
RES-111;Cynthia Aguilar Vega;84593961;972343098;caguilar@gmail.com;Cusco - Machu Picchu;06/09/2026;S/ 1,815.00;Efectivo;Jorge Benítez;Captura de pantalla (.jpg);OCR Tesseract;Monto: S/ 1815.00 | Op: 08121;Validado
RES-112;Alexander Torres Espinoza;64193837;919399091;atorres@outlook.com;Máncora Playas;20/07/2026;S/ 1,405.00;Yape;Ana Torres;Captura de pantalla (.jpg);OCR Tesseract;Monto: S/ 1405.00 | Op: 47510;Validado
RES-113;Cynthia Delgado Bardales;23419256;918384251;cdelgado@outlook.com;Tarapoto Selva;17/09/2026;S/ 1,440.00;Transferencia;Jorge Benítez;Captura de pantalla (.png);OCR Tesseract;Monto: S/ 1440.00 | Op: 84124;Validado
RES-114;Fernanda Ramírez Núñez;30863865;944935348;framirez@gmail.com;Full Day Antioquía;10/07/2026;S/ 120.00;Yape;María Castillo;Captura de pantalla (.jpg);OCR Tesseract;Monto: S/ 120.00 | Op: 42786;Validado
RES-115;Roxana Quispe Vargas;20099059;928059826;roxana.quispe@outlook.com;Paracas y Huacachina;11/05/2026;S/ 610.00;Transferencia;Luis Alvarado;Captura de pantalla (.jpg);OCR Tesseract;Monto: S/ 610.00 | Op: 15869;Validado
RES-116;Alejandra Gonzales Espinoza;31810617;926025634;alejandra.gonzales@yahoo.com;Cusco - Machu Picchu;26/06/2026;S/ 2,265.00;Yape;Ana Torres;Chat WhatsApp (Audio);NLP Sentimiento;Superó mis expectativas;Positivo (0.95)
RES-117;Ricardo Mamani Castillo;63481198;954145868;ricardo.mamani@gmail.com;Huaraz Laguna 69;07/07/2026;S/ 150.00;Yape;Jorge Benítez;Chat WhatsApp (Texto);NLP Sentimiento;Muy buena atención;Positivo (0.95)
RES-118;Pilar Tello Vela;25521714;969340608;pilartello69@outlook.com;Full Day Lunahuaná;24/07/2026;S/ 90.00;Plin;Carlos Mendoza;Chat WhatsApp (Audio);NLP Sentimiento;El paisaje fue espectacular;Positivo (0.95)
RES-119;Fernando Sánchez Aguilar;84411983;923662994;fernando.sanchez@outlook.com;Huaraz Laguna 69;26/09/2026;S/ 155.00;Plin;María Castillo;Chat WhatsApp (Texto);NLP Sentimiento;Superó mis expectativas;Positivo (0.95)
RES-120;Hernán Cruz Fernández;98429450;914895134;hernancruz29@hotmail.com;Cusco - Machu Picchu;30/08/2026;S/ 925.00;Plin;Carlos Mendoza;Chat WhatsApp (Texto);NLP Sentimiento;Superó mis expectativas;Positivo (0.95)
RES-121;Melissa Benites Del Águila;63640499;932016328;melissa.benites@hotmail.com;Full Day Antioquía;27/08/2026;S/ 110.00;Transferencia;Jorge Benítez;Chat WhatsApp (Audio);NLP Sentimiento;El guía no explicó mucho;Negativo (0.20)
RES-122;Vanessa Vela Vega;83534128;972774348;vanessavela63@outlook.com;Iquitos Amazónico;13/07/2026;S/ 1,025.00;Yape;María Castillo;Chat WhatsApp (Audio);NLP Sentimiento;El tour estuvo bien;Neutro (0.50)
RES-123;Diego Gonzales Salazar;61410126;923166587;diego.gonzales@hotmail.com;Full Day Lunahuaná;27/09/2026;S/ 105.00;Efectivo;Carlos Mendoza;Chat WhatsApp (Texto);NLP Sentimiento;Muy buena atención;Positivo (0.95)
RES-124;Karen Benites Palomino;82238741;989373467;karen_benites@outlook.com;Full Day Lunahuaná;28/08/2026;S/ 125.00;Efectivo;Jorge Benítez;Captura de pantalla (.png);OCR Tesseract;Monto: S/ 125.00 | Op: 69901;Validado
RES-125;Mariana Vega Chávez;71968116;920465375;mariana_vega@outlook.com;Full Day Lunahuaná;21/05/2026;S/ 100.00;Plin;Jorge Benítez;Captura de pantalla (.png);OCR Tesseract;Monto: S/ 100.00 | Op: 53100;Validado
RES-126;Lucía Castillo Mamani;93394260;923271937;lcastillo@outlook.com;Tarapoto Selva;30/05/2026;S/ 1,670.00;Transferencia;Luis Alvarado;Chat WhatsApp (Audio);NLP Sentimiento;Excelente tour;Positivo (0.95)
RES-127;Karen Bardales Benites;63238057;931931491;karen.bardales@outlook.com;Full Day Lunahuaná;18/05/2026;S/ 120.00;Plin;María Castillo;Captura de pantalla (.png);OCR Tesseract;Monto: S/ 120.00 | Op: 67165;Validado
RES-128;Guillermo Medina Gonzales;68450095;928498776;gmedina@outlook.com;Máncora Playas;23/05/2026;S/ 1,595.00;Yape;Ana Torres;Captura de pantalla (.jpg);OCR Tesseract;Monto: S/ 1595.00 | Op: 79965;Validado
RES-129;Luis Del Águila Meza;34406132;973545494;luis.del aguila@hotmail.com;Full Day Antioquía;13/08/2026;S/ 100.00;Plin;Luis Alvarado;Chat WhatsApp (Texto);NLP Sentimiento;Recomendado al 100%;Positivo (0.95)
RES-130;Julio Mamani Flores;49491631;936349578;jmamani@yahoo.com;Paracas y Huacachina;25/08/2026;S/ 390.00;Yape;María Castillo;Captura de pantalla (.jpg);OCR Tesseract;Monto: S/ 390.00 | Op: 13518;Validado
RES-131;Freddy Alvarado Castillo;39042654;974989413;freddyalvarado38@outlook.com;Tarapoto Selva;14/09/2026;S/ 1,260.00;Yape;Carlos Mendoza;Captura de pantalla (.png);OCR Tesseract;Monto: S/ 1260.00 | Op: 84271;Validado
RES-132;Carlos Bardales Aguilar;73001391;977520471;carlos_bardales@yahoo.com;Full Day Antioquía;14/05/2026;S/ 115.00;Yape;Jorge Benítez;Chat WhatsApp (Audio);NLP Sentimiento;Superó mis expectativas;Positivo (0.95)
RES-133;Fernanda Núñez Palomino;91378577;999386774;fernanda_nunez@outlook.com;Cusco - Machu Picchu;26/05/2026;S/ 1,855.00;Efectivo;Luis Alvarado;Captura de pantalla (.jpg);OCR Tesseract;Monto: S/ 1855.00 | Op: 41232;Validado
RES-134;Roxana Torres Fernández;10359129;967974034;rtorres@yahoo.com;Full Day Antioquía;07/07/2026;S/ 125.00;Transferencia;Jorge Benítez;Captura de pantalla (.jpg);OCR Tesseract;Monto: S/ 125.00 | Op: 61832;Validado
RES-135;Patricia Gonzales Torres;18004482;924994717;pgonzales@yahoo.com;Huaraz Laguna 69;04/09/2026;S/ 200.00;Plin;Jorge Benítez;Captura de pantalla (.png);OCR Tesseract;Monto: S/ 200.00 | Op: 65940;Validado
RES-136;Rosa Salazar Bardales;88802305;904902787;rosasalazar36@yahoo.com;Iquitos Amazónico;29/08/2026;S/ 2,450.00;Yape;María Castillo;Chat WhatsApp (Audio);NLP Sentimiento;Cumplió lo esperado;Neutro (0.50)
RES-137;Daniela Palomino Del Águila;48683937;968071545;daniela_palomino@gmail.com;Iquitos Amazónico;18/06/2026;S/ 1,560.00;Plin;Jorge Benítez;Chat WhatsApp (Texto);NLP Sentimiento;Excelente tour;Positivo (0.95)
RES-138;Gabriela Paredes Núñez;27584297;947710932;gabriela.paredes@yahoo.com;Full Day Antioquía;30/05/2026;S/ 95.00;Plin;Carlos Mendoza;Captura de pantalla (.jpg);OCR Tesseract;Monto: S/ 95.00 | Op: 74846;Validado
RES-139;Raúl Cruz Espinoza;71308842;982639821;raul_cruz@outlook.com;Huaraz Laguna 69;12/07/2026;S/ 250.00;Transferencia;Jorge Benítez;Chat WhatsApp (Texto);NLP Sentimiento;Faltó un poco de organización pero bien;Neutro (0.50)
RES-140;Víctor Cruz Yupanqui;54619335;988675339;victorcruz50@yahoo.com;Cusco - Machu Picchu;30/08/2026;S/ 1,375.00;Transferencia;Ana Torres;Chat WhatsApp (Texto);NLP Sentimiento;Esperaba más por el precio;Negativo (0.20)
RES-141;Estefany Huamán Chávez;77416376;995171870;estefanyhuaman93@yahoo.com;Tarapoto Selva;07/07/2026;S/ 950.00;Yape;Ana Torres;Captura de pantalla (.png);OCR Tesseract;Monto: S/ 950.00 | Op: 58657;Validado
RES-142;Víctor Huamán Delgado;19183277;934316117;vhuaman@gmail.com;Cusco - Machu Picchu;15/05/2026;S/ 1,385.00;Yape;María Castillo;Chat WhatsApp (Texto);NLP Sentimiento;El paisaje fue espectacular;Positivo (0.95)
RES-143;Marco Alvarado Fernández;33497411;919693792;marco_alvarado@outlook.com;Iquitos Amazónico;03/05/2026;S/ 1,310.00;Transferencia;Ana Torres;Chat WhatsApp (Audio);NLP Sentimiento;Cumplió lo esperado;Neutro (0.50)
RES-144;Jorge Guzmán Yupanqui;88862539;946474367;jorgeguzman14@yahoo.com;Paracas y Huacachina;15/07/2026;S/ 480.00;Yape;Ana Torres;Chat WhatsApp (Audio);NLP Sentimiento;Excelente tour;Positivo (0.95)
RES-145;Alexander Del Águila Aguilar;40885967;995339421;alexander.del aguila@outlook.com;Iquitos Amazónico;02/08/2026;S/ 955.00;Transferencia;Carlos Mendoza;Chat WhatsApp (Audio);NLP Sentimiento;El paisaje fue espectacular;Positivo (0.95)
RES-146;Camila Castillo Chávez;82398083;958842474;ccastillo@gmail.com;Iquitos Amazónico;06/06/2026;S/ 2,440.00;Transferencia;Luis Alvarado;Chat WhatsApp (Texto);NLP Sentimiento;Mala señal para el pago;Negativo (0.20)
RES-147;Milagros Flores Sánchez;11868130;948175496;mflores@gmail.com;Máncora Playas;21/09/2026;S/ 1,165.00;Yape;Jorge Benítez;Captura de pantalla (.jpg);OCR Tesseract;Monto: S/ 1165.00 | Op: 17461;Validado
RES-148;Diego Huamán Huamán;50851122;971138267;diego_huaman@hotmail.com;Full Day Lunahuaná;03/09/2026;S/ 120.00;Plin;María Castillo;Captura de pantalla (.png);OCR Tesseract;Monto: S/ 120.00 | Op: 53773;Validado
RES-149;Milagros Ramírez Rivera;83076970;950643171;milagrosramirez85@gmail.com;Cusco - Machu Picchu;02/07/2026;S/ 2,150.00;Efectivo;Jorge Benítez;Captura de pantalla (.jpg);OCR Tesseract;Monto: S/ 2150.00 | Op: 18393;Validado
RES-150;Ricardo Cusi Gonzales;89991301;904228421;ricardo.cusi@hotmail.com;Cusco - Machu Picchu;30/06/2026;S/ 1,440.00;Plin;Carlos Mendoza;Captura de pantalla (.jpg);OCR Tesseract;Monto: S/ 1440.00 | Op: 40268;Validado
RES-151;Fernanda Torres Cruz;70166480;958917839;ftorres@yahoo.com;Cusco - Machu Picchu;31/08/2026;S/ 950.00;Transferencia;Ana Torres;Captura de pantalla (.png);OCR Tesseract;Monto: S/ 950.00 | Op: 77115;Validado
RES-152;Alexander Gonzales Torres;26937148;949985698;alexander_gonzales@yahoo.com;Full Day Antioquía;30/05/2026;S/ 130.00;Transferencia;Jorge Benítez;Captura de pantalla (.jpg);OCR Tesseract;Monto: S/ 130.00 | Op: 67365;Validado
RES-153;Cynthia Sánchez Palomino;22762205;956545271;cynthia.sanchez@gmail.com;Full Day Lunahuaná;04/08/2026;S/ 90.00;Transferencia;Jorge Benítez;Captura de pantalla (.png);OCR Tesseract;Monto: S/ 90.00 | Op: 98851;Validado
RES-154;Eduardo Yupanqui Vega;16904975;949451983;eduardo_yupanqui@hotmail.com;Full Day Antioquía;20/09/2026;S/ 105.00;Plin;María Castillo;Captura de pantalla (.jpg);OCR Tesseract;Monto: S/ 105.00 | Op: 68998;Validado
RES-155;Luis Tello Paredes;13886030;924455022;luis_tello@gmail.com;Tarapoto Selva;08/05/2026;S/ 1,850.00;Yape;Jorge Benítez;Captura de pantalla (.jpg);OCR Tesseract;Monto: S/ 1850.00 | Op: 66752;Validado
RES-156;Milagros Zúñiga Meza;86181117;991022901;milagros_zuniga@yahoo.com;Iquitos Amazónico;15/08/2026;S/ 1,870.00;Yape;Jorge Benítez;Captura de pantalla (.png);OCR Tesseract;Monto: S/ 1870.00 | Op: 56149;Validado
RES-157;Estefany Pizarro Zúñiga;16095815;936900343;estefanypizarro99@outlook.com;Huaraz Laguna 69;02/05/2026;S/ 170.00;Plin;Ana Torres;Captura de pantalla (.jpg);OCR Tesseract;Monto: S/ 170.00 | Op: 26838;Validado
RES-158;Roxana Yupanqui Torres;63293990;906071596;roxana_yupanqui@yahoo.com;Huaraz Laguna 69;06/05/2026;S/ 140.00;Efectivo;Luis Alvarado;Chat WhatsApp (Texto);NLP Sentimiento;Normal, sin sorpresas;Neutro (0.50)
RES-159;Rosa Vega Ramírez;42657384;969681645;rvega@hotmail.com;Full Day Antioquía;30/05/2026;S/ 115.00;Plin;Luis Alvarado;Chat WhatsApp (Audio);NLP Sentimiento;Guía muy servicial;Positivo (0.95)
RES-160;Lucía Ramírez Gonzales;44355473;932921277;lucia_ramirez@outlook.com;Paracas y Huacachina;18/05/2026;S/ 310.00;Plin;María Castillo;Chat WhatsApp (Audio);NLP Sentimiento;Muy buena atención;Positivo (0.95)
RES-161;Hernán Torres Zúñiga;71974027;970054119;hernan_torres@yahoo.com;Cusco - Machu Picchu;24/09/2026;S/ 1,590.00;Transferencia;María Castillo;Chat WhatsApp (Texto);NLP Sentimiento;Excelente tour;Positivo (0.95)
RES-162;Julio Ramírez Cusi;21318464;982037788;julioramirez79@outlook.com;Paracas y Huacachina;08/08/2026;S/ 615.00;Plin;María Castillo;Captura de pantalla (.png);OCR Tesseract;Monto: S/ 615.00 | Op: 51518;Validado
RES-163;Ximena Benites Aguilar;43822301;992519254;ximena_benites@hotmail.com;Full Day Antioquía;05/08/2026;S/ 100.00;Plin;María Castillo;Captura de pantalla (.jpg);OCR Tesseract;Monto: S/ 100.00 | Op: 81685;Validado
RES-164;Luis Rivera Zúñiga;34194479;935733221;luis.rivera@gmail.com;Paracas y Huacachina;03/06/2026;S/ 600.00;Plin;Luis Alvarado;Captura de pantalla (.jpg);OCR Tesseract;Monto: S/ 600.00 | Op: 29270;Validado
RES-165;Eduardo Rivera Espinoza;69619341;994738347;erivera@yahoo.com;Iquitos Amazónico;06/08/2026;S/ 2,130.00;Plin;Ana Torres;Captura de pantalla (.jpg);OCR Tesseract;Monto: S/ 2130.00 | Op: 39240;Validado
RES-166;Mariana Cruz Rivera;84429198;918141247;marianacruz66@yahoo.com;Full Day Antioquía;26/06/2026;S/ 135.00;Transferencia;María Castillo;Captura de pantalla (.png);OCR Tesseract;Monto: S/ 135.00 | Op: 60685;Validado
RES-167;Lucía Benites Flores;60319927;930515220;lucia_benites@hotmail.com;Iquitos Amazónico;02/05/2026;S/ 1,620.00;Efectivo;Carlos Mendoza;Chat WhatsApp (Audio);NLP Sentimiento;Guía muy servicial;Positivo (0.95)
RES-168;Roxana Tello Pizarro;66808292;914341036;roxana_tello@gmail.com;Full Day Antioquía;05/09/2026;S/ 130.00;Plin;Carlos Mendoza;Captura de pantalla (.jpg);OCR Tesseract;Monto: S/ 130.00 | Op: 24609;Validado
RES-169;Sergio Espinoza Bardales;65910756;921851888;sergio.espinoza@yahoo.com;Iquitos Amazónico;08/08/2026;S/ 970.00;Efectivo;María Castillo;Captura de pantalla (.png);OCR Tesseract;Monto: S/ 970.00 | Op: 51531;Validado
RES-170;Cecilia Saavedra Cusi;27905932;905852772;cecilia.saavedra@yahoo.com;Cusco - Machu Picchu;12/05/2026;S/ 1,335.00;Transferencia;Carlos Mendoza;Chat WhatsApp (Audio);NLP Sentimiento;Mala señal para el pago;Negativo (0.20)
RES-171;Yesenia Coronado Cruz;43999198;903450541;yesenia_coronado@yahoo.com;Iquitos Amazónico;07/08/2026;S/ 2,330.00;Yape;Luis Alvarado;Chat WhatsApp (Texto);NLP Sentimiento;Normal, sin sorpresas;Neutro (0.50)
RES-172;Katherine Paredes Flores;66975380;916928451;kparedes@outlook.com;Huaraz Laguna 69;18/08/2026;S/ 190.00;Yape;Ana Torres;Chat WhatsApp (Audio);NLP Sentimiento;Muy buena atención;Positivo (0.95)
RES-173;Vanessa Vega Paredes;95828117;901658202;vanessa_vega@gmail.com;Tarapoto Selva;02/08/2026;S/ 940.00;Plin;Jorge Benítez;Captura de pantalla (.png);OCR Tesseract;Monto: S/ 940.00 | Op: 92755;Validado
RES-174;Julio Torres Bardales;28481124;985654310;juliotorres95@yahoo.com;Full Day Lunahuaná;31/05/2026;S/ 135.00;Yape;María Castillo;Chat WhatsApp (Texto);NLP Sentimiento;Volveríamos sin dudarlo;Positivo (0.95)
RES-175;Gustavo Del Águila Castillo;26460116;921727155;gustavo.del aguila@outlook.com;Huaraz Laguna 69;14/06/2026;S/ 255.00;Transferencia;Jorge Benítez;Captura de pantalla (.jpg);OCR Tesseract;Monto: S/ 255.00 | Op: 13237;Validado
RES-176;Luis Rivera Núñez;86809773;957829114;luis_rivera@yahoo.com;Full Day Lunahuaná;19/05/2026;S/ 130.00;Yape;María Castillo;Captura de pantalla (.png);OCR Tesseract;Monto: S/ 130.00 | Op: 77852;Validado
RES-177;Cecilia Núñez Cabrera;88891300;922680182;cecilianunez39@hotmail.com;Paracas y Huacachina;27/06/2026;S/ 625.00;Yape;Jorge Benítez;Chat WhatsApp (Audio);NLP Sentimiento;Normal, sin sorpresas;Neutro (0.50)
RES-178;José Cabrera Núñez;46836194;924981829;josecabrera75@hotmail.com;Paracas y Huacachina;22/09/2026;S/ 585.00;Yape;Carlos Mendoza;Captura de pantalla (.png);OCR Tesseract;Monto: S/ 585.00 | Op: 09439;Validado
RES-179;Eduardo Delgado Cabrera;14064904;978447364;eduardo.delgado@gmail.com;Tarapoto Selva;01/09/2026;S/ 1,445.00;Plin;María Castillo;Captura de pantalla (.jpg);OCR Tesseract;Monto: S/ 1445.00 | Op: 55562;Validado
RES-180;Freddy Rivera Vela;85383550;915371473;freddy.rivera@gmail.com;Huaraz Laguna 69;16/08/2026;S/ 270.00;Yape;Luis Alvarado;Chat WhatsApp (Audio);NLP Sentimiento;Poca coordinación del grupo;Negativo (0.20)
RES-181;José Fernández Del Águila;79085198;977470168;josefernandez59@hotmail.com;Paracas y Huacachina;12/07/2026;S/ 270.00;Plin;Ana Torres;Chat WhatsApp (Audio);NLP Sentimiento;Todo puntual;Positivo (0.95)
RES-182;Pilar Chávez Cárdenas;59093843;965060983;pchavez@gmail.com;Full Day Lunahuaná;18/09/2026;S/ 115.00;Yape;Jorge Benítez;Captura de pantalla (.png);OCR Tesseract;Monto: S/ 115.00 | Op: 21655;Validado
RES-183;Roxana Rivera Gonzales;36717096;998680002;rrivera@yahoo.com;Iquitos Amazónico;09/09/2026;S/ 1,140.00;Yape;Jorge Benítez;Chat WhatsApp (Audio);NLP Sentimiento;Volveríamos sin dudarlo;Positivo (0.95)
RES-184;Jhoana Cusi Vela;78412668;987947055;jhoana.cusi@yahoo.com;Huaraz Laguna 69;07/05/2026;S/ 245.00;Plin;María Castillo;Captura de pantalla (.jpg);OCR Tesseract;Monto: S/ 245.00 | Op: 09728;Validado
RES-185;Guillermo Delgado Benites;29834119;930913075;guillermodelgado54@yahoo.com;Máncora Playas;29/08/2026;S/ 1,090.00;Transferencia;Carlos Mendoza;Captura de pantalla (.jpg);OCR Tesseract;Monto: S/ 1090.00 | Op: 83857;Validado
RES-186;Katherine Benites Meza;33244151;978585497;katherinebenites25@outlook.com;Huaraz Laguna 69;16/07/2026;S/ 155.00;Transferencia;Luis Alvarado;Chat WhatsApp (Texto);NLP Sentimiento;Muy buena atención;Positivo (0.95)
RES-187;Roxana Paredes Aguilar;26357665;998665240;roxana.paredes@outlook.com;Iquitos Amazónico;31/08/2026;S/ 1,950.00;Yape;Jorge Benítez;Chat WhatsApp (Audio);NLP Sentimiento;Poca coordinación del grupo;Negativo (0.20)
RES-188;Diego Ramírez Delgado;88763056;933083301;dramirez@yahoo.com;Full Day Antioquía;05/06/2026;S/ 120.00;Yape;Jorge Benítez;Captura de pantalla (.jpg);OCR Tesseract;Monto: S/ 120.00 | Op: 67734;Validado
RES-189;Fernando Aguilar Rojas;22007214;993802620;fernando_aguilar@hotmail.com;Huaraz Laguna 69;03/05/2026;S/ 260.00;Yape;Jorge Benítez;Captura de pantalla (.png);OCR Tesseract;Monto: S/ 260.00 | Op: 54788;Validado
RES-190;Estefany Chávez Vela;72816684;943152742;echavez@outlook.com;Máncora Playas;12/08/2026;S/ 810.00;Transferencia;Jorge Benítez;Chat WhatsApp (Audio);NLP Sentimiento;Todo puntual;Positivo (0.95)
RES-191;Camila Chávez Cruz;53433080;930463745;camila.chavez@outlook.com;Paracas y Huacachina;16/05/2026;S/ 525.00;Transferencia;Ana Torres;Chat WhatsApp (Audio);NLP Sentimiento;Volveríamos sin dudarlo;Positivo (0.95)
RES-192;Gustavo Vargas Cabrera;49599276;959332727;gvargas@yahoo.com;Iquitos Amazónico;25/06/2026;S/ 2,110.00;Transferencia;Jorge Benítez;Captura de pantalla (.png);OCR Tesseract;Monto: S/ 2110.00 | Op: 87851;Validado
RES-193;Marco Vargas Rojas;83504237;983982258;marco.vargas@hotmail.com;Iquitos Amazónico;08/09/2026;S/ 1,045.00;Plin;Carlos Mendoza;Chat WhatsApp (Texto);NLP Sentimiento;El paisaje fue espectacular;Positivo (0.95)
RES-194;Cynthia Bardales Rojas;85000490;974064039;cynthia.bardales@yahoo.com;Paracas y Huacachina;16/09/2026;S/ 530.00;Efectivo;Carlos Mendoza;Chat WhatsApp (Texto);NLP Sentimiento;El paisaje fue espectacular;Positivo (0.95)
RES-195;Camila Chávez Palomino;60259293;967661825;camilachavez16@yahoo.com;Tarapoto Selva;27/06/2026;S/ 1,835.00;Transferencia;Carlos Mendoza;Chat WhatsApp (Audio);NLP Sentimiento;El paisaje fue espectacular;Positivo (0.95)
RES-196;Víctor Benites Salazar;43220503;975243106;victor.benites@hotmail.com;Máncora Playas;30/09/2026;S/ 680.00;Yape;Jorge Benítez;Captura de pantalla (.png);OCR Tesseract;Monto: S/ 680.00 | Op: 30673;Validado
RES-197;Víctor Reyes Rojas;28808678;984395995;vreyes@hotmail.com;Máncora Playas;10/07/2026;S/ 1,095.00;Yape;Jorge Benítez;Captura de pantalla (.jpg);OCR Tesseract;Monto: S/ 1095.00 | Op: 68705;Validado
RES-198;Mariana Benites Pizarro;52779814;966246287;marianabenites31@outlook.com;Tarapoto Selva;15/05/2026;S/ 1,940.00;Plin;Ana Torres;Captura de pantalla (.jpg);OCR Tesseract;Monto: S/ 1940.00 | Op: 63435;Validado
RES-199;Mariana Flores Guzmán;59805178;918304699;mariana.flores@hotmail.com;Máncora Playas;25/07/2026;S/ 1,175.00;Yape;Carlos Mendoza;Captura de pantalla (.jpg);OCR Tesseract;Monto: S/ 1175.00 | Op: 31739;Validado
RES-200;Melissa Reyes Sánchez;42122457;985467854;mreyes@yahoo.com;Iquitos Amazónico;29/08/2026;S/ 1,060.00;Transferencia;María Castillo;Captura de pantalla (.jpg);OCR Tesseract;Monto: S/ 1060.00 | Op: 55609;Validado
RES-201;Ricardo Gonzales Mamani;45000508;989964235;ricardo_gonzales@hotmail.com;Iquitos Amazónico;26/07/2026;S/ 1,780.00;Yape;Ana Torres;Chat WhatsApp (Texto);NLP Sentimiento;Muy buena atención;Positivo (0.95)
RES-202;Andrés Chávez Coronado;75540707;928080100;andreschavez53@hotmail.com;Full Day Antioquía;03/05/2026;S/ 125.00;Yape;Ana Torres;Chat WhatsApp (Audio);NLP Sentimiento;Recomendado al 100%;Positivo (0.95)
RES-203;Renzo Del Águila Mamani;10887495;988600848;renzo.del aguila@yahoo.com;Tarapoto Selva;25/05/2026;S/ 995.00;Plin;Luis Alvarado;Captura de pantalla (.jpg);OCR Tesseract;Monto: S/ 995.00 | Op: 98454;Validado
RES-204;Yesenia Flores Rivera;64496076;979334101;yesenia_flores@yahoo.com;Iquitos Amazónico;03/05/2026;S/ 990.00;Transferencia;Carlos Mendoza;Chat WhatsApp (Texto);NLP Sentimiento;Normal, sin sorpresas;Neutro (0.50)
RES-205;Marco Ramírez Pizarro;15711200;933974014;marco.ramirez@hotmail.com;Paracas y Huacachina;23/06/2026;S/ 255.00;Plin;Ana Torres;Captura de pantalla (.png);OCR Tesseract;Monto: S/ 255.00 | Op: 42939;Validado
RES-206;Roberto Coronado Cusi;61518966;921850163;rcoronado@yahoo.com;Paracas y Huacachina;09/07/2026;S/ 260.00;Transferencia;Ana Torres;Chat WhatsApp (Texto);NLP Sentimiento;El paisaje fue espectacular;Positivo (0.95)
RES-207;Pilar Alvarado Saavedra;98673882;961943114;pilar_alvarado@hotmail.com;Full Day Lunahuaná;28/05/2026;S/ 100.00;Yape;María Castillo;Chat WhatsApp (Texto);NLP Sentimiento;Volveríamos sin dudarlo;Positivo (0.95)
RES-208;Miguel Chávez Flores;35151299;967888610;mchavez@gmail.com;Paracas y Huacachina;04/05/2026;S/ 595.00;Yape;Ana Torres;Captura de pantalla (.png);OCR Tesseract;Monto: S/ 595.00 | Op: 83982;Validado
RES-209;Ximena Benites Fernández;28634797;944472126;ximena_benites@outlook.com;Iquitos Amazónico;01/08/2026;S/ 2,150.00;Yape;Luis Alvarado;Chat WhatsApp (Texto);NLP Sentimiento;Superó mis expectativas;Positivo (0.95)
RES-210;Cynthia Ramírez Chávez;50890504;906596575;cynthiaramirez56@outlook.com;Paracas y Huacachina;21/06/2026;S/ 490.00;Plin;Luis Alvarado;Chat WhatsApp (Texto);NLP Sentimiento;Poca coordinación del grupo;Negativo (0.20)
RES-211;Alejandra Cabrera Del Águila;87293208;935646519;alejandracabrera26@gmail.com;Iquitos Amazónico;23/06/2026;S/ 2,410.00;Plin;María Castillo;Captura de pantalla (.png);OCR Tesseract;Monto: S/ 2410.00 | Op: 67243;Validado
RES-212;Alberto Gonzales Vega;60598851;917979688;alberto_gonzales@gmail.com;Paracas y Huacachina;15/09/2026;S/ 530.00;Plin;Carlos Mendoza;Captura de pantalla (.png);OCR Tesseract;Monto: S/ 530.00 | Op: 35290;Validado
RES-213;Marco Sánchez Cusi;67774765;910143888;marcosanchez75@yahoo.com;Paracas y Huacachina;28/09/2026;S/ 405.00;Transferencia;Luis Alvarado;Chat WhatsApp (Audio);NLP Sentimiento;El guía no explicó mucho;Negativo (0.20)
RES-214;Miguel Aguilar Palomino;21523236;912545738;maguilar@yahoo.com;Full Day Antioquía;24/08/2026;S/ 110.00;Yape;María Castillo;Captura de pantalla (.png);OCR Tesseract;Monto: S/ 110.00 | Op: 10512;Validado
RES-215;Alejandra Espinoza Pizarro;33414716;982586736;alejandraespinoza81@hotmail.com;Full Day Lunahuaná;20/06/2026;S/ 105.00;Plin;Ana Torres;Chat WhatsApp (Texto);NLP Sentimiento;Superó mis expectativas;Positivo (0.95)
RES-216;Gabriela Paredes Torres;87490324;918255371;gabriela_paredes@outlook.com;Full Day Lunahuaná;28/09/2026;S/ 120.00;Yape;María Castillo;Chat WhatsApp (Texto);NLP Sentimiento;Volveríamos sin dudarlo;Positivo (0.95)
RES-217;Vanessa Saavedra Flores;27978165;951341252;vanessa_saavedra@yahoo.com;Tarapoto Selva;17/08/2026;S/ 1,625.00;Yape;Jorge Benítez;Captura de pantalla (.jpg);OCR Tesseract;Monto: S/ 1625.00 | Op: 82742;Validado
RES-218;Camila Meza Guzmán;93135800;905072368;camila_meza@yahoo.com;Iquitos Amazónico;22/08/2026;S/ 1,565.00;Plin;Carlos Mendoza;Captura de pantalla (.png);OCR Tesseract;Monto: S/ 1565.00 | Op: 34043;Validado
RES-219;Víctor Aguilar Fernández;71380637;997881914;vaguilar@gmail.com;Iquitos Amazónico;17/08/2026;S/ 1,775.00;Yape;Luis Alvarado;Chat WhatsApp (Audio);NLP Sentimiento;El tour estuvo bien;Neutro (0.50)
RES-220;Julio Cárdenas Yupanqui;21674661;971339596;juliocardenas22@hotmail.com;Máncora Playas;23/09/2026;S/ 1,565.00;Plin;María Castillo;Captura de pantalla (.jpg);OCR Tesseract;Monto: S/ 1565.00 | Op: 54494;Validado
RES-221;Hernán Ramírez Chávez;65243509;904223253;hernan_ramirez@yahoo.com;Tarapoto Selva;08/07/2026;S/ 1,630.00;Plin;Ana Torres;Chat WhatsApp (Texto);NLP Sentimiento;Todo puntual;Positivo (0.95)
RES-222;Yesenia Vela Paredes;59535894;977590175;yesenia_vela@hotmail.com;Full Day Lunahuaná;04/09/2026;S/ 130.00;Yape;María Castillo;Chat WhatsApp (Audio);NLP Sentimiento;Guía muy servicial;Positivo (0.95)
RES-223;Marco Del Águila Cusi;16497381;901701277;marco_del aguila@hotmail.com;Tarapoto Selva;17/07/2026;S/ 2,040.00;Yape;María Castillo;Captura de pantalla (.png);OCR Tesseract;Monto: S/ 2040.00 | Op: 54152;Validado
RES-224;Ana Sánchez Cabrera;51004756;936110371;anasanchez17@yahoo.com;Cusco - Machu Picchu;27/07/2026;S/ 865.00;Transferencia;Ana Torres;Captura de pantalla (.jpg);OCR Tesseract;Monto: S/ 865.00 | Op: 71361;Validado
RES-225;Iván Ramírez Ramírez;52057323;954262218;ivan.ramirez@hotmail.com;Iquitos Amazónico;24/06/2026;S/ 1,460.00;Plin;Luis Alvarado;Chat WhatsApp (Texto);NLP Sentimiento;Recomendado al 100%;Positivo (0.95)
RES-226;Gabriela Flores Ramírez;28792245;919656523;gabriela.flores@hotmail.com;Huaraz Laguna 69;07/05/2026;S/ 245.00;Transferencia;María Castillo;Captura de pantalla (.jpg);OCR Tesseract;Monto: S/ 245.00 | Op: 89836;Validado
RES-227;Manuel Rojas Espinoza;76422705;961379180;mrojas@hotmail.com;Full Day Lunahuaná;23/09/2026;S/ 130.00;Plin;Jorge Benítez;Captura de pantalla (.jpg);OCR Tesseract;Monto: S/ 130.00 | Op: 71091;Validado
RES-228;Carlos Cárdenas Reyes;15345470;906848666;carloscardenas11@outlook.com;Full Day Antioquía;08/09/2026;S/ 100.00;Efectivo;Luis Alvarado;Chat WhatsApp (Audio);NLP Sentimiento;Todo puntual;Positivo (0.95)
RES-229;Karen Vega Espinoza;17772004;931617990;karenvega40@gmail.com;Cusco - Machu Picchu;03/05/2026;S/ 2,020.00;Yape;María Castillo;Chat WhatsApp (Audio);NLP Sentimiento;Guía muy servicial;Positivo (0.95)
RES-230;Alejandra Paredes Vargas;13940129;956481491;alejandra_paredes@outlook.com;Cusco - Machu Picchu;23/09/2026;S/ 1,675.00;Yape;Luis Alvarado;Chat WhatsApp (Audio);NLP Sentimiento;El guía llegó algo tarde;Neutro (0.50)
RES-231;Ximena Vargas Salazar;78293320;900030756;ximenavargas20@gmail.com;Full Day Lunahuaná;03/07/2026;S/ 95.00;Plin;María Castillo;Chat WhatsApp (Audio);NLP Sentimiento;El guía llegó algo tarde;Neutro (0.50)
RES-232;Milagros Vargas Vela;17069536;923806174;mvargas@gmail.com;Iquitos Amazónico;21/06/2026;S/ 915.00;Yape;María Castillo;Captura de pantalla (.jpg);OCR Tesseract;Monto: S/ 915.00 | Op: 75973;Validado
RES-233;Iván Coronado Espinoza;30208677;906038505;ivan_coronado@outlook.com;Full Day Antioquía;30/06/2026;S/ 95.00;Plin;Carlos Mendoza;Captura de pantalla (.jpg);OCR Tesseract;Monto: S/ 95.00 | Op: 41038;Validado
RES-234;Eduardo Rivera Medina;21395409;991826199;eduardo_rivera@hotmail.com;Máncora Playas;20/07/2026;S/ 950.00;Efectivo;Ana Torres;Chat WhatsApp (Audio);NLP Sentimiento;Volveríamos sin dudarlo;Positivo (0.95)
RES-235;Ricardo Torres Castillo;28268622;991212775;ricardo.torres@outlook.com;Máncora Playas;27/08/2026;S/ 1,140.00;Yape;Carlos Mendoza;Captura de pantalla (.png);OCR Tesseract;Monto: S/ 1140.00 | Op: 24903;Validado
RES-236;Fernando Gonzales Flores;43315361;956804420;fernando_gonzales@hotmail.com;Full Day Antioquía;05/06/2026;S/ 110.00;Yape;Carlos Mendoza;Captura de pantalla (.jpg);OCR Tesseract;Monto: S/ 110.00 | Op: 23651;Validado
RES-237;Jhoana Saavedra Cárdenas;20064609;901372151;jhoana_saavedra@gmail.com;Tarapoto Selva;19/08/2026;S/ 2,100.00;Transferencia;Ana Torres;Chat WhatsApp (Texto);NLP Sentimiento;El paisaje fue espectacular;Positivo (0.95)
RES-238;Camila Yupanqui Reyes;35118997;944720999;cyupanqui@yahoo.com;Full Day Lunahuaná;31/08/2026;S/ 135.00;Yape;María Castillo;Chat WhatsApp (Texto);NLP Sentimiento;Superó mis expectativas;Positivo (0.95)
RES-239;Mariana Pizarro Espinoza;94658420;980657875;mpizarro@yahoo.com;Huaraz Laguna 69;21/07/2026;S/ 150.00;Plin;Carlos Mendoza;Chat WhatsApp (Audio);NLP Sentimiento;Recomendado al 100%;Positivo (0.95)
RES-240;Katherine Yupanqui Saavedra;41240803;921334803;katherine_yupanqui@outlook.com;Tarapoto Selva;29/09/2026;S/ 1,090.00;Yape;María Castillo;Captura de pantalla (.png);OCR Tesseract;Monto: S/ 1090.00 | Op: 59929;Validado
RES-241;José Del Águila Coronado;51480401;927010393;jose_del aguila@gmail.com;Paracas y Huacachina;21/06/2026;S/ 615.00;Transferencia;María Castillo;Captura de pantalla (.jpg);OCR Tesseract;Monto: S/ 615.00 | Op: 50029;Validado
RES-242;Melissa Gonzales Vargas;80638102;951569154;melissagonzales42@hotmail.com;Full Day Lunahuaná;02/09/2026;S/ 130.00;Plin;Luis Alvarado;Chat WhatsApp (Audio);NLP Sentimiento;Guía muy servicial;Positivo (0.95)
RES-243;Roberto Zúñiga Aguilar;27092408;920969029;robertozuniga41@gmail.com;Iquitos Amazónico;20/05/2026;S/ 1,125.00;Yape;María Castillo;Captura de pantalla (.jpg);OCR Tesseract;Monto: S/ 1125.00 | Op: 15704;Validado
RES-244;Gabriela Espinoza Torres;57040785;941006762;gabriela_espinoza@yahoo.com;Paracas y Huacachina;26/05/2026;S/ 470.00;Transferencia;Jorge Benítez;Captura de pantalla (.jpg);OCR Tesseract;Monto: S/ 470.00 | Op: 27104;Validado
RES-245;Luis Meza Cárdenas;24055958;915262181;luis_meza@gmail.com;Full Day Lunahuaná;12/06/2026;S/ 135.00;Plin;Ana Torres;Captura de pantalla (.jpg);OCR Tesseract;Monto: S/ 135.00 | Op: 01533;Validado
RES-246;Eduardo Núñez Coronado;45603234;944310698;eduardonunez63@gmail.com;Paracas y Huacachina;23/05/2026;S/ 250.00;Yape;Jorge Benítez;Chat WhatsApp (Texto);NLP Sentimiento;Excelente tour;Positivo (0.95)
RES-247;Gabriela Fernández Cabrera;49166271;917146774;gabriela_fernandez@hotmail.com;Paracas y Huacachina;03/08/2026;S/ 605.00;Yape;Carlos Mendoza;Chat WhatsApp (Audio);NLP Sentimiento;Volveríamos sin dudarlo;Positivo (0.95)
RES-248;Ricardo Paredes Bardales;18273096;921158693;ricardo.paredes@yahoo.com;Full Day Lunahuaná;30/08/2026;S/ 140.00;Plin;Luis Alvarado;Chat WhatsApp (Texto);NLP Sentimiento;El paisaje fue espectacular;Positivo (0.95)
RES-249;Melissa Huamán Vela;86667841;989921722;melissahuaman28@hotmail.com;Cusco - Machu Picchu;20/08/2026;S/ 1,550.00;Yape;Luis Alvarado;Chat WhatsApp (Audio);NLP Sentimiento;Todo puntual;Positivo (0.95)
RES-250;Rosa Benites Núñez;63332084;985487099;rosa_benites@gmail.com;Full Day Lunahuaná;23/09/2026;S/ 95.00;Plin;Carlos Mendoza;Captura de pantalla (.png);OCR Tesseract;Monto: S/ 95.00 | Op: 91485;Validado
